,question,relation_and_entity,named_entity,golden_triples,retrieved_doc_triples,recall2_2
0,What county is Erik Hort's birthplace a part of?,"['birthplace of', 'Erik Hort', 'part of a county']",['Erik Hort'],"[{'rank': 0, 'triples': [['Montebello', 'is located in', 'New York'], ['Montebello', 'is located in', 'Rockland County'], ['Montebello', 'is located in', 'Ramapo'], ['Montebello', 'is located in', 'United States'], ['Montebello', 'has population of', '4,526'], ['Montebello', 'is north of', 'Suffern'], ['Montebello', 'is east of', 'Hillburn'], ['Montebello', 'is south of', 'Wesley Hills'], ['Montebello', 'is west of', 'Airmont'], ['Montebello', 'means', 'Beautiful mountain'], ['Montebello', 'is', 'incorporated village']]}, {'rank': 1, 'triples': [['Erik Hort', 'is born in', 'Montebello, New York'], ['Erik Hort', 'born on', 'February 16, 1987'], ['Erik Hort', 'is', 'American soccer player'], ['Erik Hort', 'is', 'Free Agent']]}]","[{'rank': 0, 'triples': [['Erik Hort', 'is born in', 'Montebello, New York'], ['Erik Hort', 'born on', 'February 16, 1987'], ['Erik Hort', 'is', 'American soccer player'], ['Erik Hort', 'is', 'Free Agent']]}, {'rank': 1, 'triples': [['Czechoslovakia', 'entered', 'postwar era'], ['Czechoslovakia', 'had', 'balanced social structure'], ['Czechoslovakia', 'had', 'equitable distribution of resources'], ['Czechoslovakia', 'carried', 'nationalization'], ['Czechoslovakia', 'carried', 'income redistribution'], ['Czechoslovakia', 'complained about', 'leveling'], ['Czechoslovakia', 'enjoyed', 'high standards of living'], ['Czechoslovakia', 'was in', 'Warsaw Pact'], ['Czechoslovakia', 'was in', 'Society of Communist Czechoslovakia'], ['East Germany', 'was in', 'Warsaw Pact'], ['Hungary', 'was in', 'Warsaw Pact']]}]",0.5
1,What is the capital of the county where Fort Deposit is located?,"['located in', 'Fort Deposit', 'capital of']",['Fort Deposit'],"[{'rank': 0, 'triples': [['Fort Deposit', 'is a town in', 'Lowndes County, Alabama'], ['Fort Deposit', 'is located in', 'Alabama, United States'], ['Fort Deposit', 'has population of', '1,270'], ['Fort Deposit', 'has population of', '1,344'], ['Fort Deposit', 'has been the largest town in', 'Lowndes County since 1890'], ['Fort Deposit', 'is part of', 'Montgomery Metropolitan Statistical Area']]}, {'rank': 1, 'triples': [['Hayneville', 'is a town in', 'Lowndes County, Alabama, United States'], ['Hayneville', 'has a population of', '932'], ['Hayneville', 'is the county seat of', 'Lowndes County'], ['Lowndes County', 'is part of', 'Montgomery Metropolitan Statistical Area'], ['Hayneville', 'initially incorporated in', '1831'], ['Hayneville', 'reincorporated in', '1967'], ['Hayneville', 'appeared on the U.S. Census in', '1850'], ['Hayneville', 'appeared on the U.S. Census in', '1890'], ['Hayneville', 'appeared on the U.S. Census before', '1970'], ['The 1850 estimate', 'ranked Hayneville as', 'the largest town in the county at the time']]}]","[{'rank': 0, 'triples': [['Fort Deposit', 'is a town in', 'Lowndes County, Alabama'], ['Fort Deposit', 'is located in', 'Alabama, United States'], ['Fort Deposit', 'has population of', '1,270'], ['Fort Deposit', 'has population of', '1,344'], ['Fort Deposit', 'has been the largest town in', 'Lowndes County since 1890'], ['Fort Deposit', 'is part of', 'Montgomery Metropolitan Statistical Area']]}, {'rank': 1, 'triples': [['United States', 'has', 'abundant natural resources'], ['United States', 'has', 'well-developed infrastructure'], ['United States', 'has', 'high productivity'], ['United States', 'has', 'second-highest total-estimated value of natural resources'], ['United States', 'valued at', '$45 trillion in 2016'], ['Americans', 'have', 'highest average household and employee income among OECD nations'], ['Americans', 'had', 'fourth-highest median household income in 2010'], ['United States', 'held', ""world's largest national economy since at least the 1890s""], ['United States', 'is', ""world's third-largest producer of oil and natural gas""], ['United States', 'was', ""world's largest trading nation in 2016""], ['United States', 'was', ""world's second-largest manufacturer in 2016""], ['United States', 'represents', 'a fifth of the global manufacturing output'], ['United States', 'has', 'largest internal market for goods'], ['United States', 'dominates', 'trade in services'], ['U.S.', 'total trade amounted to', '$4.92 trillion in 2016'], ['134 companies', 'are headquartered in', 'United States']]}]",0.5
2,When was the last time Darren Carter's team beat the 1894-95 FA Cup winner?,"['team', 'Darren Carter', '1894-95 FA Cup winner', 'last time', 'beat', 'when was']","['Darren Carter', '1894-95 FA Cup winner']","[{'rank': 0, 'triples': [['1894–95 FA Cup', 'was stolen from', 'W. Shillcock'], ['1894–95 FA Cup', 'was stolen from', 'Newton Row, Birmingham'], ['1894–95 FA Cup', 'was replaced by', 'a copy made by Howard Vaughton'], ['Howard Vaughton', 'was', 'former Aston Villa player'], ['Howard Vaughton', 'was', 'England international'], ['Howard Vaughton', 'opened', ""silversmith's business""]]}, {'rank': 1, 'triples': [['Darren Carter', 'is', 'former England under-19 and under-20 international'], ['Darren Carter', 'began career with', 'Birmingham City'], ['Birmingham City', 'is', 'club'], ['Birmingham City', 'sold', 'Darren Carter'], ['Darren Carter', 'was loaned to', 'Sunderland'], ['Sunderland', 'is', 'club'], ['Sunderland', 'loaned', 'Darren Carter'], ['Darren Carter', 'was sold to', 'West Bromwich Albion'], ['West Bromwich Albion', 'is', 'club'], ['West Bromwich Albion', 'bought', 'Darren Carter'], ['Darren Carter', 'joined', 'Preston North End'], ['Preston North End', 'is', 'club'], ['Preston North End', 'signed', 'Darren Carter'], ['Darren Carter', 'loaned to', 'Millwall'], ['Millwall', 'is', 'club'], ['Millwall', 'loaned', 'Darren Carter'], ['Darren Carter', 'spent season with', 'Cheltenham Town'], ['Cheltenham Town', 'is', 'club'], ['Cheltenham Town', 'hired', 'Darren Carter'], ['Darren Carter', 'spent seasons with', 'Northampton Town'], ['Northampton Town', 'is', 'club'], ['Northampton Town', 'signed', 'Darren Carter'], ['Darren Carter', 'spent seasons with', 'Forest Green Rovers'], ['Forest Green Rovers', 'is', 'club'], ['Forest Green Rovers', 'signed', 'Darren Carter'], ['Darren Carter', 'joined', 'Solihull Moors']]}, {'rank': 2, 'triples': [['Second City derby', 'involves', 'Aston Villa'], ['Second City derby', 'involves', 'Birmingham City'], ['Aston Villa', 'played at', 'Wellington Road'], ['Aston Villa', 'played at', 'Villa Park'], ['Birmingham City', 'played at', 'Muntz Street'], ['Birmingham City', 'played at', ""St Andrew's""], ['Aston Villa', 'scored', '4 -- 0'], ['Aston Villa', 'scored', '1 -- 0'], ['Aston Villa', 'scored', '3 -- 1'], ['Aston Villa', 'scored', '0 -- 0'], ['Aston Villa', 'scored', '0 -- 0'], ['Aston Villa', 'scored', '5 -- 0'], ['Aston Villa', 'scored', '6 -- 0'], ['Aston Villa', 'scored', '1 -- 0'], ['Birmingham City', 'scored', '0 -- 0'], ['Birmingham City', 'scored', '0 -- 2'], ['Birmingham City', 'scored', '2 -- 1'], ['Aston Villa', 'played against', 'Birmingham City'], ['Birmingham City', 'played against', 'Aston Villa'], ['Aston Villa', 'competition', 'FA Cup'], ['Aston Villa', 'competition', 'League Cup Final'], ['Aston Villa', 'competition', 'League Cup'], ['Birmingham City', 'competition', 'FA Cup'], ['Birmingham City', 'competition', 'League Cup'], ['Aston Villa', 'round', '2nd Round'], ['Birmingham City', 'round', 'Quarter Final'], ['Aston Villa', 'round', '1st Round'], ['Aston Villa', 'round', '3rd Round'], ['Aston Villa', 'round', 'Full Members Cup 1st Round'], ['Aston Villa', 'attendance', '31,850'], ['Aston Villa', 'attendance', '37,921'], ['Aston Villa', 'attendance', '8,324'], ['Aston Villa', 'attendance', '27,679'], ['Aston Villa', 'attendance', '34,442']]}]","[{'rank': 0, 'triples': [['Darren Carter', 'is', 'former England under-19 and under-20 international'], ['Darren Carter', 'began career with', 'Birmingham City'], ['Birmingham City', 'is', 'club'], ['Birmingham City', 'sold', 'Darren Carter'], ['Darren Carter', 'was loaned to', 'Sunderland'], ['Sunderland', 'is', 'club'], ['Sunderland', 'loaned', 'Darren Carter'], ['Darren Carter', 'was sold to', 'West Bromwich Albion'], ['West Bromwich Albion', 'is', 'club'], ['West Bromwich Albion', 'bought', 'Darren Carter'], ['Darren Carter', 'joined', 'Preston North End'], ['Preston North End', 'is', 'club'], ['Preston North End', 'signed', 'Darren Carter'], ['Darren Carter', 'loaned to', 'Millwall'], ['Millwall', 'is', 'club'], ['Millwall', 'loaned', 'Darren Carter'], ['Darren Carter', 'spent season with', 'Cheltenham Town'], ['Cheltenham Town', 'is', 'club'], ['Cheltenham Town', 'hired', 'Darren Carter'], ['Darren Carter', 'spent seasons with', 'Northampton Town'], ['Northampton Town', 'is', 'club'], ['Northampton Town', 'signed', 'Darren Carter'], ['Darren Carter', 'spent seasons with', 'Forest Green Rovers'], ['Forest Green Rovers', 'is', 'club'], ['Forest Green Rovers', 'signed', 'Darren Carter'], ['Darren Carter', 'joined', 'Solihull Moors']]}, {'rank': 1, 'triples': [['One Last Time', 'is', 'song'], ['One Last Time', 'recorded by', 'Ariana Grande'], ['One Last Time', 'written by', 'David Guetta'], ['One Last Time', 'written by', 'Savan Kotecha'], ['One Last Time', 'written by', 'Giorgio Tuinfort'], ['One Last Time', 'written by', 'Rami Yacoub'], ['One Last Time', 'written by', 'Carl Falk'], ['One Last Time', 'produced by', 'Rami Yacoub'], ['One Last Time', 'produced by', 'Carl Falk'], ['One Last Time', 'released on', 'iTunes Store on August 22, 2014'], ['One Last Time', 'sent to', 'contemporary hit radio on February 10, 2015'], ['One Last Time', 'features', 'French singer Kendji Girac'], ['One Last Time', 'features', 'Italian rapper Fedez'], ['Attends-moi', 'is', 'French version of the song'], ['Attends-moi', 'released in', 'France'], ['Attends-moi', 'released in', 'Belgium'], ['Attends-moi', 'released in', 'Switzerland'], ['Attends-moi', 'included in', ""deluxe version of Girac's debut studio album Kendji""], ['Italian version of the song', 'released on', 'May 26, 2015 in Italy']]}, {'rank': 2, 'triples': [['1894–95 FA Cup', 'was stolen from', 'W. Shillcock'], ['1894–95 FA Cup', 'was stolen from', 'Newton Row, Birmingham'], ['1894–95 FA Cup', 'was replaced by', 'a copy made by Howard Vaughton'], ['Howard Vaughton', 'was', 'former Aston Villa player'], ['Howard Vaughton', 'was', 'England international'], ['Howard Vaughton', 'opened', ""silversmith's business""]]}]",0.33330000000000004
3,Who was the US physicist who directed the project that developed the first atomic bomb at the same place where Feynman worked on Water Boiler?,"['Water Boiler', 'at the same place', 'worked on', 'was the', 'physicist', 'Feynman', 'atomic bomb', 'US', 'directed the project that developed']","['US', 'physicist', 'Feynman', 'Water Boiler', 'atomic bomb']","[{'rank': 0, 'triples': [['Richard Feynman', 'worked at', 'Los Alamos'], ['Los Alamos', 'has', 'Water Boiler'], ['Water Boiler', 'is', 'small nuclear reactor'], ['Water Boiler', 'used to measure', 'fissile material criticality'], ['Richard Feynman', 'transferred to', 'Oak Ridge'], ['Oak Ridge', 'is', 'facility'], ['Richard Feynman', 'aided in', 'devising safety procedures'], ['Safety procedures', 'aimed to avoid', 'criticality accidents'], ['Criticality accidents', 'caused by', 'sub-critical amounts of fissile material stored in proximity on opposite sides of a wall'], ['Richard Feynman', 'did work on', 'uranium hydride bomb'], ['Uranium hydride bomb', 'proved', 'not feasible']]}, {'rank': 1, 'triples': [['Manhattan Project', 'was', 'research and development undertaking'], ['Manhattan Project', 'produced', 'first nuclear weapons'], ['Manhattan Project', 'led by', 'United States'], ['Manhattan Project', 'led by', 'United Kingdom'], ['Manhattan Project', 'led by', 'Canada'], ['Manhattan Project', 'under the direction of', 'Major General Leslie Groves'], ['Manhattan Project', 'under the direction of', 'U.S. Army Corps of Engineers'], ['Manhattan Project', 'directed by', 'Robert Oppenheimer'], ['Manhattan Project', 'designed by', 'Los Alamos Laboratory'], ['Manhattan Project', 'designated as', 'Manhattan District'], ['Manhattan Project', 'absorbed', 'Tube Alloys'], ['Manhattan Project', 'began in', '1939'], ['Manhattan Project', 'employed', '130,000 people'], ['Manhattan Project', 'cost', 'US $2 billion'], ['Manhattan Project', 'cost', 'about $22 billion in 2016 dollars'], ['Manhattan Project', 'research and production took place at', 'more than 30 sites'], ['Manhattan Project', 'took place across', 'United States'], ['Manhattan Project', 'took place across', 'United Kingdom'], ['Manhattan Project', 'took place across', 'Canada'], ['Manhattan Project', 'took place across', 'United States'], ['Manhattan Project', 'took place across', 'United Kingdom'], ['Manhattan Project', 'took place across', 'Canada']]}]","[{'rank': 0, 'triples': [['Richard Feynman', 'was born on', 'May 11, 1918'], ['Richard Feynman', 'died on', 'February 15, 1988'], ['Richard Feynman', 'was', 'American theoretical physicist'], ['Richard Feynman', 'known for', 'work in quantum mechanics'], ['Richard Feynman', 'known for', 'work in quantum electrodynamics'], ['Richard Feynman', 'known for', 'work in superfluidity of supercooled liquid helium'], ['Richard Feynman', 'known for', 'work in particle physics'], ['Richard Feynman', 'proposed', 'parton model'], ['Feynman', 'received', 'Nobel Prize in Physics in 1965'], ['Feynman', 'received', 'Nobel Prize jointly with Julian Schwinger and Sin-Itiro Tomonaga'], ['Feynman', 'developed', 'Feynman diagrams'], ['Feynman', 'ranked as', 'one of the ten greatest physicists of all time in 1999 poll by Physics World'], ['Feynman', 'became', 'one of the best-known scientists in the world']]}, {'rank': 1, 'triples': [['The Bourne Legacy', 'is', '2012 American action thriller film'], ['The Bourne Legacy', 'directed by', 'Tony Gilroy'], ['The Bourne Legacy', 'fourth installment in', 'series of films'], ['The Bourne Legacy', 'adapted from', 'Jason Bourne novels'], ['The Bourne Legacy', 'preceded by', 'The Bourne Identity'], ['The Bourne Legacy', 'preceded by', 'The Bourne Supremacy'], ['The Bourne Legacy', 'preceded by', 'The Bourne Ultimatum'], ['The Bourne Legacy', 'features', 'Aaron Cross'], ['The Bourne Legacy', 'features', 'Rachel Weisz'], ['The Bourne Legacy', 'features', 'Edward Norton'], ['Jason Bourne', 'originated by', 'Robert Ludlum'], ['Jason Bourne', 'continued by', 'Eric Van Lustbader'], ['The Bourne Legacy', 'has title', 'The Bourne Legacy'], ['The Bourne Legacy', 'screenplay bears', 'little resemblance to the novel'], ['The Bourne Legacy', 'centers on', 'Aaron Cross'], ['Aaron Cross', 'played by', 'Jeremy Renner']]}]",0.0
4,Where is the Bridge of Sighs located in the place of death of Sonata pian'e forte's composer?,"[""Sonata pian'e forte"", 'located in', 'place of death', 'Bridge of Sighs', 'composer of']","['Bridge of Sighs', ""Sonata pian'e forte""]","[{'rank': 0, 'triples': [['Johann Grabbe', 'member of', 'Bückeburg Court choir'], ['Johann Grabbe', 'learned from', 'Cornelius Conradus'], ['Johann Grabbe', 'succeeded', 'Cornelius Conradus'], ['Johann Grabbe', 'studied with', 'Giovanni Gabrieli'], ['Johann Grabbe', 'awarded scholarship by', 'Heinrich Schütz'], ['Johann Grabbe', 'published', 'Primo libro'], ['Primo libro', 'published as', 'graduation thesis'], ['Johann Grabbe', 'studied in', 'Venice']]}, {'rank': 1, 'triples': [[""Sonata pian' e forte"", 'was written by', 'Giovanni Gabrieli'], ['Giovanni Gabrieli', 'is', 'Italian composer'], ['Giovanni Gabrieli', 'is', 'organist'], [""Sonata pian' e forte"", 'was written in', '1597'], [""Sonata pian' e forte"", 'calls for', 'specific brass instruments']]}, {'rank': 2, 'triples': [['Bridge of Sighs', 'located in', 'Venice'], ['Bridge of Sighs', 'made of', 'white limestone'], ['Bridge of Sighs', 'designed by', 'Antonio Contino'], ['Antonio Contino', 'related to', 'Antonio da Ponte'], ['Antonio Contino', 'designed', 'Bridge of Sighs'], ['Antonio da Ponte', 'designed', 'Rialto Bridge'], ['Bridge of Sighs', 'built in', '1600'], ['Bridge of Sighs', 'connects', 'New Prison'], ['New Prison', 'connected to', ""Doge's Palace""], ['Bridge of Sighs', 'passes over', 'Rio di Palazzo'], ['Rio di Palazzo', 'located in', 'Venice']]}]","[{'rank': 0, 'triples': [['Bridge of Sighs', 'located in', 'Venice'], ['Bridge of Sighs', 'made of', 'white limestone'], ['Bridge of Sighs', 'designed by', 'Antonio Contino'], ['Antonio Contino', 'related to', 'Antonio da Ponte'], ['Antonio Contino', 'designed', 'Bridge of Sighs'], ['Antonio da Ponte', 'designed', 'Rialto Bridge'], ['Bridge of Sighs', 'built in', '1600'], ['Bridge of Sighs', 'connects', 'New Prison'], ['New Prison', 'connected to', ""Doge's Palace""], ['Bridge of Sighs', 'passes over', 'Rio di Palazzo'], ['Rio di Palazzo', 'located in', 'Venice']]}, {'rank': 1, 'triples': [['Manfredo Tafuri', 'was born on', '4 November 1935'], ['Manfredo Tafuri', 'died on', '23 February 1994'], ['Manfredo Tafuri', 'was', 'Italian architect'], ['Manfredo Tafuri', 'was', 'historian'], ['Manfredo Tafuri', 'was', 'theoretician'], ['Manfredo Tafuri', 'was', 'critic'], ['Manfredo Tafuri', 'was', 'academic'], ['Manfredo Tafuri', 'described as', ""world's most important architectural historian""], ['Manfredo Tafuri', 'criticized', 'Bruno Zevi'], ['Manfredo Tafuri', 'criticized', 'Siegfried Giedion'], ['Manfredo Tafuri', 'challenged', 'Heinrich Wölfflin'], ['Manfredo Tafuri', 'challenged', 'Rudolf Wittkower'], ['Renaissance', 'was characterized as', 'golden age by earlier authorities'], ['Renaissance', 'challenged by', 'Manfredo Tafuri'], ['Rome', 'birthplace of', 'Manfredo Tafuri'], ['Venice', 'place of death of', 'Manfredo Tafuri']]}, {'rank': 2, 'triples': [[""Sonata pian' e forte"", 'was written by', 'Giovanni Gabrieli'], ['Giovanni Gabrieli', 'is', 'Italian composer'], ['Giovanni Gabrieli', 'is', 'organist'], [""Sonata pian' e forte"", 'was written in', '1597'], [""Sonata pian' e forte"", 'calls for', 'specific brass instruments']]}]",0.33330000000000004
5,Who founded the political party of Dimuthu Bandara Abayakoon?,"['Dimuthu Bandara Abayakoon', 'founded the political party of']",['Dimuthu Bandara Abayakoon'],"[{'rank': 0, 'triples': [['Rohana Wijeweera', 'full name', 'Patabendi Don Jinadasa Nandasiri Wijeweera'], ['Rohana Wijeweera', 'born on', '14 July 1943'], ['Rohana Wijeweera', 'died on', '13 November 1989'], ['Rohana Wijeweera', 'was', 'Sri Lankan Marxist politician'], ['Rohana Wijeweera', 'founding leader of', 'Janatha Vimukthi Peramuna'], ['Janatha Vimukthi Peramuna', 'participated in', 'insurrections in 1971'], ['Janatha Vimukthi Peramuna', 'participated in', 'insurrections in 1987 to 1989']]}, {'rank': 1, 'triples': [['Dimuthu Bandara Abayakoon', 'born on', 'September 6, 1971'], ['Dimuthu Bandara Abayakoon', 'is a member of', 'Janatha Vimukthi Peramuna'], ['Dimuthu Bandara Abayakoon', 'elected in', '2004 election'], ['Dimuthu Bandara Abayakoon', 'elected as a representative of', 'Kandy District'], ['Dimuthu Bandara Abayakoon', 'elected as a representative of', 'Parliament of Sri Lanka'], ['Dimuthu Bandara Abayakoon', 'standing as a candidate of', ""United People's Freedom Alliance""], ['Dimuthu Bandara Abayakoon', 'resides in', 'Kandy']]}]","[{'rank': 0, 'triples': [['Dimuthu Bandara Abayakoon', 'born on', 'September 6, 1971'], ['Dimuthu Bandara Abayakoon', 'is a member of', 'Janatha Vimukthi Peramuna'], ['Dimuthu Bandara Abayakoon', 'elected in', '2004 election'], ['Dimuthu Bandara Abayakoon', 'elected as a representative of', 'Kandy District'], ['Dimuthu Bandara Abayakoon', 'elected as a representative of', 'Parliament of Sri Lanka'], ['Dimuthu Bandara Abayakoon', 'standing as a candidate of', ""United People's Freedom Alliance""], ['Dimuthu Bandara Abayakoon', 'resides in', 'Kandy']]}, {'rank': 1, 'triples': [['Cabinet', 'responsible to', 'House of Commons of Canada'], ['Cabinet', 'chosen and headed by', 'prime minister'], ['prime minister', 'is', 'Justin Trudeau'], ['governor general', 'may exercise power without', 'ministerial advice'], ['governor general', 'appoints', 'prime minister'], ['prime minister', 'initiates', 'legislation for parliamentary approval'], ['prime minister', 'selects for appointment by', 'Crown'], ['Crown', 'appoints', 'governor general'], ['Crown', 'appoints', 'lieutenant governors'], ['Crown', 'appoints', 'federal court judges'], ['Crown', 'appoints', 'heads of Crown corporations and government agencies'], ['leader of the party', 'becomes', ""leader of Her Majesty's Loyal Opposition""], ['leader of the party', 'is part of', 'adversarial parliamentary system']]}]",0.5
6,how long lasting was the pact between Kravchuk and the person organizers wanted to arrest?,"['pact between', 'Kravchuk', 'organizers wanted to arrest']",['Kravchuk'],"[{'rank': 0, 'triples': [['Ukrainian Autocephalous Orthodox Church', 'enthroned', 'Mstyslav'], ['Mstyslav', 'became', 'Patriarch of Kiev'], ['Mstyslav', 'became', 'Patriarch of all Ukraine'], [""Saint Sophia's Cathedral"", 'hosted', 'enthronement ceremonies'], ['Canada', 'announced', 'consul-general to Kiev'], ['consul-general to Kiev', 'is', 'Nestor Gayowsky'], ['United States', 'announced', 'consul to Kiev'], ['consul to Kiev', 'is', 'John Stepanchuk'], ['Ukrainian parliament', 'chairman is', 'Kravchuk'], ['Russian parliament', 'chairman is', 'Yeltsin'], ['Kravchuk', 'signed', '10-year bilateral pact'], ['Yeltsin', 'signed', '10-year bilateral pact'], ['Party of Democratic Rebirth of Ukraine', 'was founded in', 'early December 1990'], ['Democratic Party of Ukraine', 'was founded on', 'December 15']]}, {'rank': 1, 'triples': [['Muscovites', 'defended', 'White House'], ['White House', 'is', 'symbolic seat of Russian sovereignty'], ['Yeltsin', 'rallied opposition to', 'the coup'], ['Yeltsin', 'made speeches atop', 'tank'], ['special forces', 'dispatched by', 'coup leaders'], ['coup leaders', 'neglected to jam', 'foreign news broadcasts'], ['Muscovites', 'watched', 'unfold live on CNN'], ['Gorbachev', 'was able to stay abreast of developments by tuning into', 'BBC World Service']]}]","[{'rank': 0, 'triples': [['Germany', 'has', 'network of 227 diplomatic missions abroad'], ['Germany', 'maintains relations with', 'more than 190 countries'], ['Germany', 'largest contributor to', 'European Union'], ['Germany', 'third largest contributor to', 'UN'], ['Germany', 'member of', 'NATO'], ['Germany', 'member of', 'OECD'], ['Germany', 'member of', 'G8'], ['Germany', 'member of', 'G20'], ['Germany', 'member of', 'World Bank'], ['Germany', 'member of', 'IMF'], ['Germany', 'promotes creation of', 'more unified European political, economic and security apparatus'], ['Germany', 'has maintained alliance with', 'France'], ['Germany', 'has maintained alliance with', 'neighbouring countries'], ['Germany', 'defined new basis for German foreign policy by taking part in', 'NATO decisions surrounding the Kosovo War'], ['Germany', 'defined new basis for German foreign policy by sending troops into combat for the first time since 1945'], ['Germany', 'close political allies with', 'United States'], ['Germany', 'cultural ties with', 'United States'], ['Germany', 'economic interests with', 'United States'], ['Germany', 'resulting in', 'Atlanticism']]}, {'rank': 1, 'triples': [['Soviet Union', 'suspended deliveries with', 'Germany'], ['Soviet Union', 'had strained relations with', 'Germany'], ['Soviet Union', 'had war with', 'Finland'], ['Germany', 'falling behind in deliveries under', 'pact'], ['Stalin', 'worried about', ""Hitler's war with the West""], ['France', 'signed', 'armistice'], ['countries', 'had redrawn', 'Hungarian and Romanian borders'], ['countries', 'settled', 'some Bulgarian claims'], ['Germany', 'arranged occupation of', 'Romania'], ['Germany', 'targeting', 'oil fields'], ['Germany', 'raised tensions with', 'Soviets'], ['Germany', 'supposed to have consulted with', 'Soviet Union'], ['Britain', 'improvement in', 'air battle with Germany'], ['United States', 'and', 'Britain regarding destroyers and bases']]}]",0.0
7,When was the last time Gary Rowett's team beat the 1894-95 FA Cup winner?,"[""Gary Rowett's team"", '1894-95 FA Cup winner', 'be beat', 'last time', 'Gary Rowett', 'the']","['Gary Rowett', '1894-95 FA Cup winner']","[{'rank': 0, 'triples': [['Gary Rowett', 'played in', 'Premier League'], ['Gary Rowett', 'played for', 'Everton'], ['Gary Rowett', 'played for', 'Derby County'], ['Gary Rowett', 'played for', 'Leicester City'], ['Gary Rowett', 'played for', 'Charlton Athletic'], ['Gary Rowett', 'appointed assistant manager to', 'Paul Peschisolido'], ['Paul Peschisolido', 'was', 'manager of Burton'], ['Gary Rowett', 'appointed manager of', 'Birmingham City'], ['Gary Rowett', 'served until', 'December 2016'], ['Gary Rowett', 'became manager of', 'Derby County'], ['Gary Rowett', 'joined', 'Stoke City in May 2018'], ['Gary Rowett', 'was sacked in', 'January 2019']]}, {'rank': 1, 'triples': [['Second City derby', 'involves', 'Aston Villa'], ['Second City derby', 'involves', 'Birmingham City'], ['Aston Villa', 'played at', 'Wellington Road'], ['Aston Villa', 'played at', 'Villa Park'], ['Birmingham City', 'played at', 'Muntz Street'], ['Birmingham City', 'played at', ""St Andrew's""], ['Aston Villa', 'scored', '4 -- 0'], ['Aston Villa', 'scored', '1 -- 0'], ['Aston Villa', 'scored', '3 -- 1'], ['Aston Villa', 'scored', '0 -- 0'], ['Aston Villa', 'scored', '0 -- 0'], ['Aston Villa', 'scored', '5 -- 0'], ['Aston Villa', 'scored', '6 -- 0'], ['Aston Villa', 'scored', '1 -- 0'], ['Birmingham City', 'scored', '0 -- 0'], ['Birmingham City', 'scored', '0 -- 2'], ['Birmingham City', 'scored', '2 -- 1'], ['Aston Villa', 'played against', 'Birmingham City'], ['Birmingham City', 'played against', 'Aston Villa'], ['Aston Villa', 'competition', 'FA Cup'], ['Aston Villa', 'competition', 'League Cup Final'], ['Aston Villa', 'competition', 'League Cup'], ['Birmingham City', 'competition', 'FA Cup'], ['Birmingham City', 'competition', 'League Cup'], ['Aston Villa', 'round', '2nd Round'], ['Birmingham City', 'round', 'Quarter Final'], ['Aston Villa', 'round', '1st Round'], ['Aston Villa', 'round', '3rd Round'], ['Aston Villa', 'round', 'Full Members Cup 1st Round'], ['Aston Villa', 'attendance', '31,850'], ['Aston Villa', 'attendance', '37,921'], ['Aston Villa', 'attendance', '8,324'], ['Aston Villa', 'attendance', '27,679'], ['Aston Villa', 'attendance', '34,442']]}, {'rank': 2, 'triples': [['1894–95 FA Cup', 'was stolen from', 'W. Shillcock'], ['1894–95 FA Cup', 'was stolen from', 'Newton Row, Birmingham'], ['1894–95 FA Cup', 'was replaced by', 'a copy made by Howard Vaughton'], ['Howard Vaughton', 'was', 'former Aston Villa player'], ['Howard Vaughton', 'was', 'England international'], ['Howard Vaughton', 'opened', ""silversmith's business""]]}]","[{'rank': 0, 'triples': [['Gary Rowett', 'played in', 'Premier League'], ['Gary Rowett', 'played for', 'Everton'], ['Gary Rowett', 'played for', 'Derby County'], ['Gary Rowett', 'played for', 'Leicester City'], ['Gary Rowett', 'played for', 'Charlton Athletic'], ['Gary Rowett', 'appointed assistant manager to', 'Paul Peschisolido'], ['Paul Peschisolido', 'was', 'manager of Burton'], ['Gary Rowett', 'appointed manager of', 'Birmingham City'], ['Gary Rowett', 'served until', 'December 2016'], ['Gary Rowett', 'became manager of', 'Derby County'], ['Gary Rowett', 'joined', 'Stoke City in May 2018'], ['Gary Rowett', 'was sacked in', 'January 2019']]}, {'rank': 1, 'triples': [['One Last Time', 'is', 'song'], ['One Last Time', 'recorded by', 'Ariana Grande'], ['One Last Time', 'written by', 'David Guetta'], ['One Last Time', 'written by', 'Savan Kotecha'], ['One Last Time', 'written by', 'Giorgio Tuinfort'], ['One Last Time', 'written by', 'Rami Yacoub'], ['One Last Time', 'written by', 'Carl Falk'], ['One Last Time', 'produced by', 'Rami Yacoub'], ['One Last Time', 'produced by', 'Carl Falk'], ['One Last Time', 'released on', 'iTunes Store on August 22, 2014'], ['One Last Time', 'sent to', 'contemporary hit radio on February 10, 2015'], ['One Last Time', 'features', 'French singer Kendji Girac'], ['One Last Time', 'features', 'Italian rapper Fedez'], ['Attends-moi', 'is', 'French version of the song'], ['Attends-moi', 'released in', 'France'], ['Attends-moi', 'released in', 'Belgium'], ['Attends-moi', 'released in', 'Switzerland'], ['Attends-moi', 'included in', ""deluxe version of Girac's debut studio album Kendji""], ['Italian version of the song', 'released on', 'May 26, 2015 in Italy']]}, {'rank': 2, 'triples': [['1894–95 FA Cup', 'was stolen from', 'W. Shillcock'], ['1894–95 FA Cup', 'was stolen from', 'Newton Row, Birmingham'], ['1894–95 FA Cup', 'was replaced by', 'a copy made by Howard Vaughton'], ['Howard Vaughton', 'was', 'former Aston Villa player'], ['Howard Vaughton', 'was', 'England international'], ['Howard Vaughton', 'opened', ""silversmith's business""]]}]",0.33330000000000004
8,Who was married to the star of No Escape?,"['married to', 'star of', 'No Escape']",['No Escape'],"[{'rank': 0, 'triples': [['David Profumo', 'is the son of', 'John Profumo'], ['David Profumo', 'is the son of', 'Valerie Hobson'], ['David Profumo', 'of Italian origin', 'Profumo family'], ['David Profumo', 'would have succeeded as', '6th Baron Profumo'], ['6th Baron Profumo', 'is the nobility of', 'Kingdom of Sardinia'], ['Kingdom of Sardinia', 'is located in', 'Italy'], ['Italy', 'legally abolished after', 'WW2'], ['John Profumo', 'is', 'former British government minister'], ['Valerie Hobson', 'is', 'actress']]}, {'rank': 1, 'triples': [['No Escape', 'is a', '1936 film'], ['No Escape', 'directed by', 'Norman Lee'], ['No Escape', 'starring', 'Valerie Hobson'], ['No Escape', 'starring', 'Leslie Perrins'], ['No Escape', 'starring', 'Robert Cochran'], ['No Escape', 'concerns', 'a man'], ['Leslie Perrins', 'is', 'actor'], ['Valerie Hobson', 'is', 'actress'], ['Robert Cochran', 'is', 'actor'], ['Norman Lee', 'is', 'director'], ['1936', 'is', 'year']]}]","[{'rank': 0, 'triples': [['No Escape', 'is a', '1936 film'], ['No Escape', 'directed by', 'Norman Lee'], ['No Escape', 'starring', 'Valerie Hobson'], ['No Escape', 'starring', 'Leslie Perrins'], ['No Escape', 'starring', 'Robert Cochran'], ['No Escape', 'concerns', 'a man'], ['Leslie Perrins', 'is', 'actor'], ['Valerie Hobson', 'is', 'actress'], ['Robert Cochran', 'is', 'actor'], ['Norman Lee', 'is', 'director'], ['1936', 'is', 'year']]}, {'rank': 1, 'triples': [['Sun', 'is', 'star'], ['Sun', 'at center of', 'Solar System'], ['Sun', 'is', 'sphere of hot plasma'], ['Sun', 'generates', 'magnetic field'], ['Sun', 'source of energy for', 'life on Earth'], ['Sun', 'has diameter of', '1.39 million kilometers'], ['Sun', 'has mass of', '330,000 times that of Earth'], ['Sun', 'consists of', 'hydrogen'], ['Sun', 'consists of', 'helium'], ['Sun', 'consists of', 'oxygen'], ['Sun', 'consists of', 'carbon'], ['Sun', 'consists of', 'neon'], ['Sun', 'consists of', 'iron']]}]",0.5
9,What award did the author of The Red Tree receive?,"['The Red Tree', 'author of', 'recipient of']",['The Red Tree'],"[{'rank': 0, 'triples': [['Passion Pictures', 'is in', 'commercial and animation output'], ['Passion Pictures', 'work for', 'Cartoon Network'], ['Passion Pictures', 'work for', 'Gorillaz'], ['Passion Pictures', 'produced', 'The Lost Thing'], ['Passion Pictures', 'directed by', 'Andrew Ruhemann'], ['Passion Pictures', 'directed by', 'Shaun Tan'], ['The Lost Thing', 'won', 'Academy Award for Best Animated Short Film in 2011'], ['Compare the Market.com', 'features', 'Aleksandr Orlov (meerkat)']]}, {'rank': 1, 'triples': [['The Red Tree', 'written by', 'Shaun Tan'], ['The Red Tree', 'illustrated by', 'Shaun Tan'], ['The Red Tree', 'published in', '2001'], ['The Red Tree', 'presents', 'fragmented journey'], ['The Red Tree', 'has', 'dark illustrations'], ['The Red Tree', 'has', 'sparse text']]}]","[{'rank': 0, 'triples': [['The Red Tree', 'written by', 'Shaun Tan'], ['The Red Tree', 'illustrated by', 'Shaun Tan'], ['The Red Tree', 'published in', '2001'], ['The Red Tree', 'presents', 'fragmented journey'], ['The Red Tree', 'has', 'dark illustrations'], ['The Red Tree', 'has', 'sparse text']]}, {'rank': 1, 'triples': [['Maria Goranova', 'is', 'associate professor of management'], ['Maria Goranova', 'works at', 'University of Wisconsin Milwaukee'], ['Maria Goranova', 'conducts research on', 'shareholder empowerment'], ['Maria Goranova', 'conducts research on', 'corporate governance'], ['Maria Goranova', 'conducts research on', 'corporate strategy'], ['Maria Goranova', 'serves on', 'editorial board of Journal of Management'], ['Maria Goranova', 'is a member of', 'Academy of Management'], ['Maria Goranova', 'is a member of', 'International Association for Business and Society'], ['Maria Goranova', 'is a member of', 'Strategic Management Society'], ['Maria Goranova', 'research published in', 'Strategic Management Journal'], ['Maria Goranova', 'research published in', 'Organization Science'], ['Maria Goranova', 'research published in', 'Academy of Management Perspectives'], ['Maria Goranova', 'research published in', 'Journal of Business Research'], ['Maria Goranova', 'research published in', 'Academy of Management Proceedings'], ['Maria Goranova', 'recipient of', 'Distinguished Paper Awards'], ['Maria Goranova', 'recipient of', 'Best Reviewer Awards'], ['Мария Горанова', 'is', 'Bulgarian']]}]",0.5
10,Who was the company preceding Metalmark Capital named after?,"['Metalmark Capital', 'preceded by', 'named after']",['Metalmark Capital'],"[{'rank': 0, 'triples': [['Metalmark Capital', 'formerly known as', 'Morgan Stanley Capital Partners'], ['Metalmark Capital', 'acquired by', 'Citigroup Alternative Investments'], ['Metalmark Capital', 'acquired in', 'December 2007']]}, {'rank': 1, 'triples': [['Harold Stanley', 'was born on', 'October 2, 1885'], ['Harold Stanley', 'died on', 'May 14, 1963'], ['Harold Stanley', 'was', 'American businessman'], ['Harold Stanley', 'was one of the founders of', 'Morgan Stanley'], ['Morgan Stanley', 'founded in', '1935'], ['Harold Stanley', 'ran', 'Morgan Stanley'], ['Harold Stanley', 'left', 'Morgan Stanley in 1955']]}]","[{'rank': 0, 'triples': [['Metalmark Capital', 'formerly known as', 'Morgan Stanley Capital Partners'], ['Metalmark Capital', 'acquired by', 'Citigroup Alternative Investments'], ['Metalmark Capital', 'acquired in', 'December 2007']]}, {'rank': 1, 'triples': [['The Bourne Legacy', 'is', '2012 American action thriller film'], ['The Bourne Legacy', 'directed by', 'Tony Gilroy'], ['The Bourne Legacy', 'fourth installment in', 'series of films'], ['The Bourne Legacy', 'adapted from', 'Jason Bourne novels'], ['The Bourne Legacy', 'preceded by', 'The Bourne Identity'], ['The Bourne Legacy', 'preceded by', 'The Bourne Supremacy'], ['The Bourne Legacy', 'preceded by', 'The Bourne Ultimatum'], ['The Bourne Legacy', 'features', 'Aaron Cross'], ['The Bourne Legacy', 'features', 'Rachel Weisz'], ['The Bourne Legacy', 'features', 'Edward Norton'], ['Jason Bourne', 'originated by', 'Robert Ludlum'], ['Jason Bourne', 'continued by', 'Eric Van Lustbader'], ['The Bourne Legacy', 'has title', 'The Bourne Legacy'], ['The Bourne Legacy', 'screenplay bears', 'little resemblance to the novel'], ['The Bourne Legacy', 'centers on', 'Aaron Cross'], ['Aaron Cross', 'played by', 'Jeremy Renner']]}]",0.5
11,How long had Lijia Zhang's birthplace been the capitol city of Yaxing Coach's headquarters location?,"['been the capitol city of', 'birthplace', 'headquarters location of', 'Lijia Zhang', 'Yaxing Coach']","['Lijia Zhang', 'Yaxing Coach']","[{'rank': 0, 'triples': [['Lijia Zhang', 'is born in', 'Nanjing'], ['Lijia Zhang', 'is a', 'writer'], ['Lijia Zhang', 'is a', 'journalist'], ['Lijia Zhang', 'is a', 'public speaker'], ['Lijia Zhang', 'describes herself as', 'communicator between China and the world'], ['Lijia Zhang', 'lectured at', 'Stanford'], ['Lijia Zhang', 'lectured at', 'Harvard'], ['Lijia Zhang', 'lectured at', 'University of Sydney']]}, {'rank': 1, 'triples': [['Yaxing Coach', 'is based in', 'Yangzhou, Jiangsu, China'], ['Yaxing Coach', 'is subsidiary of', 'Jiangsu Yaxing'], ['Jiangsu Yaxing', 'was founded in', '1998'], ['Buses', 'produced under', 'Yaxing brand'], ['Buses', 'produced under', 'Yangtse brand'], ['Buses', 'produced under', 'Asiastar brand']]}, {'rank': 2, 'triples': [['Nanjing', 'is part of', 'Beiyinyangying culture'], ['Zun', 'was found in', 'Beiyinyangying culture'], ['Taibo of Zhou', 'established', 'Wu state'], ['Wu state', 'was established in', 'Nanjing area'], ['Fuchai', 'founded', 'Yecheng fort'], ['State of Yue', 'conquered', 'Wu'], ['State of Yue', 'constructed', 'Yuecheng fort'], ['State of Chu', 'built', 'Jinling Yi'], ['Jinling Yi', 'was renamed to', 'Moling'], ['Nanjing', 'was part of', 'Kuaiji prefecture'], ['Nanjing', 'was part of', 'Zhang prefecture'], ['Nanjing', 'was part of', 'Danyang prefecture'], ['Nanjing', 'was capital city of', 'Danyang Prefecture'], ['Nanjing', 'was capital city of', 'Yangzhou']]}]","[{'rank': 0, 'triples': [['Lijia Zhang', 'is born in', 'Nanjing'], ['Lijia Zhang', 'is a', 'writer'], ['Lijia Zhang', 'is a', 'journalist'], ['Lijia Zhang', 'is a', 'public speaker'], ['Lijia Zhang', 'describes herself as', 'communicator between China and the world'], ['Lijia Zhang', 'lectured at', 'Stanford'], ['Lijia Zhang', 'lectured at', 'Harvard'], ['Lijia Zhang', 'lectured at', 'University of Sydney']]}, {'rank': 1, 'triples': [[""Let's Go All the Way"", 'is a', 'song'], [""Let's Go All the Way"", 'released in', 'December 1985'], [""Let's Go All the Way"", 'format', ""7''""], [""Let's Go All the Way"", 'format', ""12''""], [""Let's Go All the Way"", 'recorded in', '1985'], [""Let's Go All the Way"", 'genre', 'New wave'], [""Let's Go All the Way"", 'genre', 'synthpop'], [""Let's Go All the Way"", 'length', '5:10'], [""Let's Go All the Way"", 'length', '3:54 (single edit)'], [""Let's Go All the Way"", 'label', 'Capitol'], [""Let's Go All the Way"", 'written by', ""Gary 'Mudbone' Cooper""], [""Let's Go All the Way"", 'produced by', 'Ted Currier'], ['Sly Fox', 'released', ""Let's Go All the Way""], ['Sly Fox', 'released', 'Stay True']]}, {'rank': 2, 'triples': [['Yaxing Coach', 'is based in', 'Yangzhou, Jiangsu, China'], ['Yaxing Coach', 'is subsidiary of', 'Jiangsu Yaxing'], ['Jiangsu Yaxing', 'was founded in', '1998'], ['Buses', 'produced under', 'Yaxing brand'], ['Buses', 'produced under', 'Yangtse brand'], ['Buses', 'produced under', 'Asiastar brand']]}]",0.33330000000000004
12,"According to the organization that creates census county division, what is the total area in square miles?","['what', 'creates', 'in square miles', 'census county division']",['census county division'],"[{'rank': 0, 'triples': [['Atlantic City', 'located in', 'New Jersey'], ['United States Census Bureau', 'states', 'total area of 17.037 square miles'], ['United States Census Bureau', 'states', '10.747 square miles of land'], ['United States Census Bureau', 'states', '6.290 square miles of water']]}, {'rank': 1, 'triples': [['Census County Division', 'is a subdivision of', 'county'], ['Census County Division', 'used by', 'United States Census Bureau'], ['Census County Division', 'delineated cooperatively by', 'Census Bureau and state and local government authorities'], ['Census County Division', 'defined in', '21 states'], ['21 states', 'do not have', 'well-defined and stable minor civil divisions (MCDs)'], ['MCDs', 'deemed to be', 'unsatisfactory for the collection, presentation, and analysis of census statistics']]}]","[{'rank': 0, 'triples': [['High schools in South Korea', 'teach', 'students'], ['High schools in South Korea', 'teach for', 'three years'], ['High schools in South Korea', 'teach from', 'first grade'], ['High schools in South Korea', 'teach to', 'third grade'], ['High school students', 'graduate at', 'age 18 or 19'], ['High school students', 'expected to study', 'long hours'], ['High school students', 'study in', 'Seoul National University'], ['High school students', 'study in', 'Korea University'], ['High school students', 'study in', 'Yonsei University'], ['High school students', 'study in', 'KAIST'], ['High school students', 'study in', 'POSTECH'], ['High school students', 'study in', 'SeoKaPo'], ['High school students', 'wake at', '5 am'], ['High school students', 'leave home at', '5 am'], ['High school students', 'go to', 'studying room'], ['High school students', 'go to', 'library'], ['High school students', 'do', 'Yaja'], ['High school students', 'return home after', 'studying'], ['High school students', 'return to', 'Hagwon'], ['Hagwon', 'are called', 'specialty study schools'], ['Hagwon', 'are', 'often till 2 am'], ['Hagwon', 'are', 'from Monday to Friday'], ['Hagwon', 'are', 'in addition'], ['SKY', 'are', 'top universities in Korea'], ['SKY', 'include', 'Seoul National University'], ['SKY', 'include', 'Korea University'], ['SKY', 'include', 'Yonsei University'], ['SeoKaPo', 'include', 'Seoul National University'], ['SeoKaPo', 'include', 'KAIST'], ['SeoKaPo', 'include', 'POSTECH']]}, {'rank': 1, 'triples': [['Census County Division', 'is a subdivision of', 'county'], ['Census County Division', 'used by', 'United States Census Bureau'], ['Census County Division', 'delineated cooperatively by', 'Census Bureau and state and local government authorities'], ['Census County Division', 'defined in', '21 states'], ['21 states', 'do not have', 'well-defined and stable minor civil divisions (MCDs)'], ['MCDs', 'deemed to be', 'unsatisfactory for the collection, presentation, and analysis of census statistics']]}]",0.5
13,How long did the pact last between Kravchuk and the person who signed the decree suspending the Communist Party of the Russian SFSR?,"['Kravchuk', 'between', 'did the pact last for', 'Communist Party of the Russian SFSR', 'who', 'signed']","['Kravchuk', 'Communist Party of the Russian SFSR']","[{'rank': 0, 'triples': [['Ukrainian Autocephalous Orthodox Church', 'enthroned', 'Mstyslav'], ['Mstyslav', 'became', 'Patriarch of Kiev'], ['Mstyslav', 'became', 'Patriarch of all Ukraine'], [""Saint Sophia's Cathedral"", 'hosted', 'enthronement ceremonies'], ['Canada', 'announced', 'consul-general to Kiev'], ['consul-general to Kiev', 'is', 'Nestor Gayowsky'], ['United States', 'announced', 'consul to Kiev'], ['consul to Kiev', 'is', 'John Stepanchuk'], ['Ukrainian parliament', 'chairman is', 'Kravchuk'], ['Russian parliament', 'chairman is', 'Yeltsin'], ['Kravchuk', 'signed', '10-year bilateral pact'], ['Yeltsin', 'signed', '10-year bilateral pact'], ['Party of Democratic Rebirth of Ukraine', 'was founded in', 'early December 1990'], ['Democratic Party of Ukraine', 'was founded on', 'December 15']]}, {'rank': 1, 'triples': [['GKChP', 'failed on', 'August 23'], ['Yeltsin', 'signed decree on', 'August 23'], ['Yeltsin', 'signed decree suspending activity of', 'Communist Party'], ['Yeltsin', 'signed decree in the presence of', 'Gorbachev'], ['Yeltsin', 'banned', 'Communist Parties of USSR'], ['Yeltsin', 'banned', 'Communist Parties of RSFSR'], ['Yeltsin', 'banned parties on', 'November 6'], ['Communist Party', 'activity suspended in', 'Russia'], ['Communist Party', 'activity suspended in', 'Russian Soviet Federative Socialist Republic'], ['Communist Parties of USSR', 'banned from', 'RSFSR'], ['Communist Parties of RSFSR', 'banned from', 'RSFSR']]}]","[{'rank': 0, 'triples': [['Germany', 'has', 'network of 227 diplomatic missions abroad'], ['Germany', 'maintains relations with', 'more than 190 countries'], ['Germany', 'largest contributor to', 'European Union'], ['Germany', 'third largest contributor to', 'UN'], ['Germany', 'member of', 'NATO'], ['Germany', 'member of', 'OECD'], ['Germany', 'member of', 'G8'], ['Germany', 'member of', 'G20'], ['Germany', 'member of', 'World Bank'], ['Germany', 'member of', 'IMF'], ['Germany', 'promotes creation of', 'more unified European political, economic and security apparatus'], ['Germany', 'has maintained alliance with', 'France'], ['Germany', 'has maintained alliance with', 'neighbouring countries'], ['Germany', 'defined new basis for German foreign policy by taking part in', 'NATO decisions surrounding the Kosovo War'], ['Germany', 'defined new basis for German foreign policy by sending troops into combat for the first time since 1945'], ['Germany', 'close political allies with', 'United States'], ['Germany', 'cultural ties with', 'United States'], ['Germany', 'economic interests with', 'United States'], ['Germany', 'resulting in', 'Atlanticism']]}, {'rank': 1, 'triples': [['Soviet Union', 'dissolved', 'Communist Party of the Soviet Union'], ['Soviet Union', 'had', 'Warsaw Pact'], ['Warsaw Pact', 'had', 'Soviet-imposed communist regimes'], ['Soviet Union', 'had', 'Gorbachev'], ['Gorbachev', 'introduced', 'limited competitive elections'], ['Gorbachev', 'introduced', 'greater democracy'], ['Gorbachev', 'introduced', 'autonomy for constituent republics'], ['Communist Party of the Soviet Union', 'introduced', 'limited competitive elections'], ['Communist Party of the Soviet Union', 'introduced', 'greater democracy'], ['Communist Party of the Soviet Union', 'introduced', 'autonomy for constituent republics'], ['Communist Party of the Soviet Union', 'introduced', ""Congress of People's Deputies""], [""Congress of People's Deputies"", 'was', 'new central legislature']]}]",0.0
14,What compression method is part of the CAB format used by one of the original partners in the TV channel that hosts Rachel Maddow's show?,"['one of the original partners of', 'part of', 'used by', 'hosts', 'CAB format', 'Rachel Maddow']","['CAB format', 'Rachel Maddow']","[{'rank': 0, 'triples': [['The Rachel Maddow Show', 'airs on', 'MSNBC'], ['The Rachel Maddow Show', 'hosted by', 'Rachel Maddow'], ['The Rachel Maddow Show', 'based on', 'former radio show'], ['The Rachel Maddow Show', 'debuted on', 'September 8, 2008'], ['The Rachel Maddow Show', 'airs at', '9:00 pm ET'], ['The Rachel Maddow Show', 'airs on', 'Monday'], ['The Rachel Maddow Show', 'airs on', 'Friday'], ['The Rachel Maddow Show', 'abbreviated as', 'TRMS'], ['Rachel Maddow', 'gained public profile via', 'frequent appearances as progressive pundit on programs aired by MSNBC']]}, {'rank': 1, 'triples': [['MSNBC', 'is', 'American news cable and satellite television network'], ['MSNBC', 'provides', 'news coverage'], ['MSNBC', 'provides', 'political commentary'], ['MSNBC', 'owned by', 'NBCUniversal News Group'], ['NBCUniversal News Group', 'is a unit of', 'NBCUniversal Television Group division'], ['NBCUniversal Television Group division', 'is a unit of', 'NBCUniversal'], ['NBCUniversal', 'ultimately owned by', 'Comcast'], ['MSNBC', 'founded in', '1996'], ['MSNBC', 'founded by', 'Microsoft'], ['MSNBC', 'founded by', ""General Electric's NBC unit""], ['msnbc.com', 'was headquartered in', 'Redmond, Washington'], ['MSNBC', 'operated out of', 'New York City'], ['Microsoft', 'divested its stakes in', 'MSNBC channel in 2005'], ['Microsoft', 'divested its stakes in', 'msnbc.com in July 2012'], ['msnbc.com', 'rebranded as', 'NBCNews.com'], ['msnbc.com', 'created as', 'online home of the cable channel']]}, {'rank': 2, 'triples': [['Lempel–Ziv', 'is', 'compression method'], ['DEFLATE', 'is a variation of', 'LZ'], ['DEFLATE', 'used in', 'PKZIP'], ['DEFLATE', 'used in', 'Gzip'], ['DEFLATE', 'used in', 'PNG'], ['LZW', 'used in', 'GIF images'], ['LZR', 'is a variation of', 'Lempel-Ziv–Renau'], ['LZR', 'serves as the basis for', 'Zip method'], ['LZ methods', 'use', 'table-based compression model'], ['table entries', 'substituted for', 'repeated strings of data'], ['table', 'often Huffman encoded as', 'SHRI'], ['LZX', 'is', 'Huffman encoded'], ['Brotli', 'is', 'LZ-based coding scheme'], ['Brotli', 'performs well in', 'coding schemes'], ['LZX', 'used in', ""Microsoft's CAB format""]]}]","[{'rank': 0, 'triples': [['The Rachel Maddow Show', 'airs on', 'MSNBC'], ['The Rachel Maddow Show', 'hosted by', 'Rachel Maddow'], ['The Rachel Maddow Show', 'based on', 'former radio show'], ['The Rachel Maddow Show', 'debuted on', 'September 8, 2008'], ['The Rachel Maddow Show', 'airs at', '9:00 pm ET'], ['The Rachel Maddow Show', 'airs on', 'Monday'], ['The Rachel Maddow Show', 'airs on', 'Friday'], ['The Rachel Maddow Show', 'abbreviated as', 'TRMS'], ['Rachel Maddow', 'gained public profile via', 'frequent appearances as progressive pundit on programs aired by MSNBC']]}, {'rank': 1, 'triples': [['USB', 'has', 'plugs'], ['USB', 'has', 'receptacles'], ['hosts', 'have', 'Type-A receptacles'], ['devices', 'have', 'Type-B variety'], ['Type-A plugs', 'mate with', 'Type-A receptacles'], ['Type-B plugs', 'mate with', 'Type-B receptacles'], ['USB On-The-Go', 'is an extension to', 'USB standard specification'], ['USB On-The-Go', 'allows', 'single port to act as either a host or a device'], ['USB On-The-Go', 'selectable by', 'the end of the cable'], ['USB On-The-Go', 'plugs into', 'receptacle on the OTG-enabled unit'], ['PDAs', 'connect to', ""PC's host port as a device""], ['USB link', 'connects to', ""PC's host port as a device""], ['USB link', 'connects to', 'keyboard and mouse device as a host']]}, {'rank': 2, 'triples': [['Albert Eichhorn', 'was born on', '1 October 1856'], ['Albert Eichhorn', 'died on', '3 August 1926'], ['Albert Eichhorn', 'was from', 'Garlstorf'], ['Albert Eichhorn', 'was from', 'Germany'], ['Albert Eichhorn', 'was a', 'German Protestant theologian'], ['Albert Eichhorn', 'authored', 'Das Abendmahl im Neuen Testament'], ['Albert Eichhorn', 'was one of the founders of', 'history of religions school'], ['history of religions school', 'sought to understand', 'all religions'], ['history of religions school', 'sought to understand', 'Christianity'], ['history of religions school', 'sought to understand', 'Judaism'], ['history of religions school', 'sought to understand', 'socio-cultural phenomena'], ['history of religions school', 'sought to understand', 'comparable ways'], ['Albert Eichhorn', 'argued that', 'Last Supper reflected the influence of Near Eastern gnostic ideas'], ['Last Supper', 'reflected the influence of', 'Near Eastern gnostic ideas'], ['Last Supper', 'reflected the influence of', 'contemporary needs'], ['Last Supper', 'reflected the influence of', 'beliefs'], ['Last Supper', 'reflected the influence of', 'culture'], ['Last Supper', 'reflected the influence of', 'New Testament reports']]}]",0.33330000000000004
15,In which county is the city to which KKVU is licensed to broadcast?,"['KKVU', 'the city', 'licensed to broadcast', 'to which is']",['KKVU'],"[{'rank': 0, 'triples': [['KKVU', 'has frequency', '104.5 FM'], ['KKVU', 'is licensed to', 'Stevensville, Montana'], ['KKVU', 'serves', 'Missoula, Montana area'], ['KKVU', 'owned by', 'Simmons Media Ventures, LLC'], ['KKVU', 'owned by', 'Missoula Broadcasting Company, LLC'], ['KKVU', 'airs', 'Adult Top 40 music format']]}, {'rank': 1, 'triples': [['Stevensville', 'is a village in', 'Berrien County'], ['Stevensville', 'is located in', 'Michigan'], ['Stevensville', 'is within', 'Lincoln Township'], ['Stevensville', 'has population of', '1,142 at the 2010 census'], ['Stevensville', 'is in', 'U.S. state of Michigan']]}]","[{'rank': 0, 'triples': [['KKVU', 'has frequency', '104.5 FM'], ['KKVU', 'is licensed to', 'Stevensville, Montana'], ['KKVU', 'serves', 'Missoula, Montana area'], ['KKVU', 'owned by', 'Simmons Media Ventures, LLC'], ['KKVU', 'owned by', 'Missoula Broadcasting Company, LLC'], ['KKVU', 'airs', 'Adult Top 40 music format']]}, {'rank': 1, 'triples': [['Cumberland Peninsula', 'is a peninsula in', 'Baffin Island'], ['Cumberland Peninsula', 'located in', 'Nunavut, Canada'], ['Cumberland Peninsula', 'lies between', ""64°56' and 67°57' north latitude""], ['Cumberland Peninsula', 'lies between', ""61°56' to 68° west longitude""], ['Arctic Circle', 'crosses', 'Cumberland Peninsula'], ['Labrador Sea', 'is to the', 'southeast of Cumberland Peninsula'], ['Davis Strait', 'is to the', 'east of Cumberland Peninsula'], ['Davis Strait', 'lies between', 'Cumberland Peninsula and Greenland'], ['Cumberland Sound', 'lies to the', 'southwest of Cumberland Peninsula'], ['Cumberland Sound', 'separates', 'Cumberland Peninsula from Hall Peninsula'], ['Hall Peninsula', 'is part of', 'Baffin Island']]}]",0.5
16,Who is the child of the cast member of Green Ice?,"['actor/actress in', 'cast member', 'Green Ice', 'child of']",['Green Ice'],"[{'rank': 0, 'triples': [['Green Ice', 'is', 'soundtrack'], ['Green Ice', 'is soundtrack to', '1981 United Kingdom science fiction film'], ['1981 United Kingdom science fiction film', 'stars', ""Ryan O'Neal""], ['soundtrack', 'recorded by', 'Bill Wyman'], ['soundtrack', 'contains', '18 original songs']]}, {'rank': 1, 'triples': [['Nickelodeon', 'is a', 'comedy film'], ['Nickelodeon', 'directed by', 'Peter Bogdanovich'], ['Nickelodeon', 'stars', ""Ryan O'Neal""], ['Nickelodeon', 'stars', 'Burt Reynolds'], ['Nickelodeon', 'stars', ""Tatum O'Neal""], ['Peter Bogdanovich', 'directed', 'Nickelodeon'], ['Peter Bogdanovich', 'based on stories told by', 'Allan Dwan'], ['Peter Bogdanovich', 'based on stories told by', 'Raoul Walsh'], ['Nickelodeon', 'entered into', '27th Berlin International Film Festival'], ['27th Berlin International Film Festival', 'hosted', 'Nickelodeon'], ['Allan Dwan', 'told stories to', 'Peter Bogdanovich'], ['Raoul Walsh', 'told stories to', 'Peter Bogdanovich']]}]","[{'rank': 0, 'triples': [['Green Ice', 'is', 'soundtrack'], ['Green Ice', 'is soundtrack to', '1981 United Kingdom science fiction film'], ['1981 United Kingdom science fiction film', 'stars', ""Ryan O'Neal""], ['soundtrack', 'recorded by', 'Bill Wyman'], ['soundtrack', 'contains', '18 original songs']]}, {'rank': 1, 'triples': [['Joey Johnson', 'is a character in', 'Days of Our Lives'], ['Joey Johnson', 'portrayed by', 'James Lastovic'], ['Joey Johnson', 'created by', 'Dena Higley'], ['Joey Johnson', 'created by', 'Victor Gialanella'], ['Joey Johnson', 'child of', ""Steve 'Patch' Johnson""], ['Joey Johnson', 'child of', 'Kayla Brady'], ['Joey Johnson', 'originated by', 'Brody'], ['Joey Johnson', 'originated by', 'Jonas'], ['Joey Johnson', 'appeared as', 'Jadon Wells'], ['Joey Johnson', 'rapidly aged to', '16'], ['Joey Johnson', 'conspiring with', 'Ava Vitali'], ['Ava Vitali', 'is', ""father's ex-lover""], ['Ava Vitali', 'caused trouble for', 'Kayla Brady'], ['Ava Vitali', 'caused trouble for', 'Brady family']]}]",0.5
17,What were the Genesis's advantage over the platform of Pictionary?,"['Genesis', 'Pictionary', 'advantage over']","['Genesis', 'Pictionary']","[{'rank': 0, 'triples': [['NEC Home Electronics', 'launched', 'PC Engine'], ['NEC Home Electronics', 'launched in', '1987'], ['Sega Enterprises', 'launched', 'Mega Drive'], ['Sega Enterprises', 'launched in', '1988'], ['PC Engine', 'launched in', 'Japan'], ['Mega Drive', 'launched in', 'Japan'], ['PC Engine', 'launched in', 'North America'], ['Mega Drive', 'launched in', 'North America'], ['PC Engine', 'is', 'TurboGrafx-16'], ['Mega Drive', 'is', 'Genesis'], ['TurboGrafx-16', 'built on', '16-bit architecture'], ['Mega Drive', 'built on', '16-bit architecture'], ['TurboGrafx-16', 'offered', 'improved graphics'], ['TurboGrafx-16', 'offered', 'improved sound'], ['Mega Drive', 'offered', 'improved graphics'], ['Mega Drive', 'offered', 'improved sound'], ['NES', 'is', '8-bit system'], ['Super Nintendo Entertainment System', 'is', '16-bit system'], ['Sega', 'became successful in', 'several years'], ['Nintendo', 'reconsidered', 'designing new system']]}, {'rank': 1, 'triples': [['Nintendo Entertainment System', 'is', '8-bit home video game console'], ['Nintendo Entertainment System', 'developed and manufactured by', 'Nintendo'], ['Nintendo Entertainment System', 'initially released in', 'Japan'], ['Nintendo Entertainment System', 'also known as', 'NES'], ['Nintendo Entertainment System', 'also known as', 'Family Computer'], ['Nintendo Entertainment System', 'also known as', 'Famicom'], ['Nintendo Entertainment System', 'abbreviated as', 'FC'], ['Nintendo Entertainment System', 'released in', 'North America'], ['Nintendo Entertainment System', 'released in', 'Europe'], ['Nintendo Entertainment System', 'released in', 'Australia'], ['Nintendo Entertainment System', 'succeeded by', 'Super Nintendo Entertainment System'], ['Family Computer', 'released on', 'July 15, 1983'], ['Family Computer', 'distributed by', 'SK Hynix'], ['Family Computer', 'known as', 'Hyundai Comboy'], ['Family Computer', 'known as', 'Hyundai Electronics'], ['Family Computer', 'known as', 'Famicom'], ['Family Computer', 'known as', 'FC'], ['Family Computer', 'known as', 'NES']]}, {'rank': 2, 'triples': [['Pictionary', 'developed by', 'Software Creations'], ['Pictionary', 'published by', 'LJN'], ['Pictionary', 'for', 'Nintendo Entertainment System'], ['Pictionary', 'based on', 'board game']]}]","[{'rank': 0, 'triples': [['Pictionary', 'developed by', 'Software Creations'], ['Pictionary', 'published by', 'LJN'], ['Pictionary', 'for', 'Nintendo Entertainment System'], ['Pictionary', 'based on', 'board game']]}, {'rank': 1, 'triples': [['USB', 'designed for', 'connection of computer peripherals'], ['USB', 'designed for', 'personal computers'], ['USB', 'used for', 'communication'], ['USB', 'used for', 'supply electric power'], ['USB', 'commonplace on', 'smartphones'], ['USB', 'commonplace on', 'PDAs'], ['USB', 'commonplace on', 'video game consoles'], ['USB', 'replaced', 'serial and parallel ports'], ['USB', 'replaced', 'power chargers for portable devices'], ['USB', 'replaced', 'earlier interfaces']]}, {'rank': 2, 'triples': [['USB', 'has unit load of', '100 mA'], ['USB', 'has unit load of', '150 mA'], ['USB', 'has unit load of', '500 mA'], ['USB', 'has unit load of', '900 mA'], ['USB', 'has minimum operating voltage of', '4.4 V'], ['USB', 'has minimum operating voltage of', '4 V'], ['USB', 'has device type', 'low-power'], ['USB', 'has device type', 'high-power'], ['USB HID', 'is a type of', 'low-power']]}]",0.33330000000000004
18,What was the population density of Tammy Leitner's city of birth in 2009?,"['city of birth', 'Tammy Leitner']",['Tammy Leitner'],"[{'rank': 0, 'triples': [['Tamara Leitner', 'born in', 'San Diego, California'], ['Tamara Leitner', 'born on', 'July 3, 1972'], ['Tamara Leitner', 'is', 'investigative TV reporter'], ['Tamara Leitner', 'was', 'reality television contestant'], ['Tammy Leitner', 'is also known as', 'Tamara Leitner']]}, {'rank': 1, 'triples': [['San Diego', 'has population of', '1,307,402 people'], ['San Diego', 'reported population of', '1,223,400 people in 2000'], ['San Diego', 'has population density of', '3,771.9 people per square mile'], ['San Diego', 'racial makeup includes', '45.1% White'], ['San Diego', 'racial makeup includes', '6.7% African American'], ['San Diego', 'racial makeup includes', '15.9% Asian'], ['San Diego', 'racial makeup includes', '0.6% Native American'], ['San Diego', 'ethnic makeup includes', '28.8% Hispanic or Latino'], ['San Diego', 'ethnic makeup includes', '24.9% Mexican American'], ['San Diego', 'ethnic makeup includes', '0.6% Puerto Rican'], ['San Diego', 'reported in', 'Census of 2010'], ['San Diego', 'reported in', '2009']]}]","[{'rank': 0, 'triples': [['Fundamental Rights', 'are', 'basic rights of the common people'], ['Fundamental Rights', 'are', 'inalienable rights'], ['Fundamental Rights', 'contained in', 'Part III'], ['Fundamental Rights', 'guarantees', 'civil liberties'], ['Fundamental Rights', 'guarantees', 'equality before law'], ['Fundamental Rights', 'guarantees', 'freedom of speech and expression'], ['Fundamental Rights', 'guarantees', 'religious and cultural freedom'], ['Fundamental Rights', 'guarantees', 'peaceful assembly'], ['Fundamental Rights', 'guarantees', 'freedom to practice religion'], ['Fundamental Rights', 'guarantees', 'right to constitutional remedies'], ['Fundamental Rights', 'protected by', 'Supreme Court of India'], ['Fundamental Rights', 'have origins in', ""England's Bill of Rights""], ['Fundamental Rights', 'have origins in', 'United States Bill of Rights'], ['Fundamental Rights', 'have origins in', ""France's Declaration of the Rights of Man""]]}, {'rank': 1, 'triples': [['Fundamental Rights', 'are', 'basic rights of the people'], ['Fundamental Rights', 'are', 'inalienable rights of the people'], ['Fundamental Rights', 'contained in', 'Constitution of India'], ['Fundamental Rights', 'guarantees', 'civil liberties'], ['Fundamental Rights', 'guarantees', 'equality before law'], ['Fundamental Rights', 'guarantees', 'freedom of speech and expression'], ['Fundamental Rights', 'guarantees', 'religious and cultural freedom'], ['Fundamental Rights', 'guarantees', 'peaceful assembly'], ['Fundamental Rights', 'guarantees', 'freedom to practice religion'], ['Fundamental Rights', 'guarantees', 'right to constitutional remedies'], ['Fundamental Rights', 'protected by', 'Supreme Court of India'], ['Fundamental Rights', 'derived from', ""England's Bill of Rights""], ['Fundamental Rights', 'derived from', 'United States Bill of Rights'], ['Fundamental Rights', 'derived from', ""France's Declaration of the Rights of Man""]]}]",0.0
19,How many students attend the school that granted Francis Travis a Ph.D.?,"['attends the school that', 'granted a Ph.D.', 'Francis Travis']",['Francis Travis'],"[{'rank': 0, 'triples': [['Switzerland', 'has', '12 universities'], ['University of Zurich', 'is', 'biggest university in', 'Switzerland'], ['University of Zurich', 'has', 'nearly 25,000 students'], ['first university in Switzerland', 'was founded in', '1460 in Basel'], ['first university in Switzerland', 'has', 'faculty of medicine'], ['first university in Switzerland', 'has tradition of', 'chemical and medical research'], ['ETHZ', 'sponsored by', 'federal government'], ['ETHZ', 'located in', 'Zürich'], ['ETHZ', 'founded in', '1855'], ['EPFL', 'sponsored by', 'federal government'], ['EPFL', 'located in', 'Lausanne'], ['EPFL', 'founded in', '1969'], ['EPFL', 'formerly associated with', 'University of Lausanne']]}, {'rank': 1, 'triples': [['Francis Travis', 'born in', 'Detroit, Michigan'], ['Francis Travis', 'studied at', 'University of Zurich'], ['Francis Travis', 'earned', 'Ph.D. in musicology'], ['dissertation on', 'Francis Travis', 'Giuseppe Verdi'], ['Francis Travis', 'was pupil of', 'Hermann Scherchen'], ['Hermann Scherchen', 'was', 'assistant of Francis Travis']]}]","[{'rank': 0, 'triples': [['Francis Travis', 'born in', 'Detroit, Michigan'], ['Francis Travis', 'studied at', 'University of Zurich'], ['Francis Travis', 'earned', 'Ph.D. in musicology'], ['dissertation on', 'Francis Travis', 'Giuseppe Verdi'], ['Francis Travis', 'was pupil of', 'Hermann Scherchen'], ['Hermann Scherchen', 'was', 'assistant of Francis Travis']]}, {'rank': 1, 'triples': [['Pennsylvania State University', 'commonly referred to as', 'Penn State'], ['Pennsylvania State University', 'has', 'threefold mission of teaching, research, and public service'], ['Pennsylvania State University', 'has', 'University Park campus'], ['University Park', 'is located in', 'State College'], ['University Park', 'is the flagship campus of', 'Pennsylvania State University'], ['Pennsylvania State University', 'has', 'two law schools'], ['Penn State Law', 'is located in', 'University Park campus'], ['Dickinson Law', 'is located in', 'Carlisle'], ['Dickinson Law', 'is', '90 miles south of State College'], ['College of Medicine', 'is located in', 'Hershey'], ['Pennsylvania State University', 'has', '19 commonwealth campuses'], ['Pennsylvania State University', 'has', '5 special mission campuses'], ['Pennsylvania State University', 'labeled as', 'Public Ivies']]}]",0.5
